123456,LOGIN,2021-09-24 22:17:11.590
123456,CONNECTED EMP DB,2021-09-24 22:17:11.633
123456,EMP CONFIRMED,2021-09-24 22:17:11.636
123456,LOGOUT,2021-09-24 22:17:11.638
123456,LOGIN,2021-09-24 22:24:21.574
123456,CONNECTED EMP DB,2021-09-24 22:24:21.604
123456,EMP CONFIRMED,2021-09-24 22:24:21.607
123456,LOGOUT,2021-09-24 22:24:21.609
123456,LOGIN,2021-09-24 22:24:41.011
123456,CONNECTED EMP DB,2021-09-24 22:24:41.039
123456,EMP CONFIRMED,2021-09-24 22:24:41.042
123456,GET EMP INFO,2021-09-24 22:24:41.055
123456,LOGOUT,2021-09-24 22:24:41.058
123456,LOGIN,2021-09-24 22:24:59.265
123456,CONNECTED EMP DB,2021-09-24 22:24:59.295
123456,EMP CONFIRMED,2021-09-24 22:24:59.298
123456,GET EMP INFO,2021-09-24 22:24:59.301
123456,LOGOUT,2021-09-24 22:24:59.313
123457,LOGIN,2021-09-24 22:26:21.542
123457,CONNECTED EMP DB,2021-09-24 22:26:21.585
123457,EMP CONFIRMED,2021-09-24 22:26:21.588
123457,LOGIN,2021-09-24 22:27:58.309
123457,CONNECTED EMP DB,2021-09-24 22:27:58.343
123457,EMP CONFIRMED,2021-09-24 22:28:18.713
123457,LOGIN,2021-09-24 22:30:29.840
123457,CONNECTED EMP DB,2021-09-24 22:30:29.888
123457,EMP CONFIRMED,2021-09-24 22:30:29.893
123457,LOGIN,2021-09-24 22:34:18.278
123457,CONNECTED EMP DB,2021-09-24 22:34:18.313
123457,LOGIN,2021-09-24 22:52:18.009
123457,CONNECTED EMP DB,2021-09-24 22:52:18.038
123457,EMP CONFIRMED,2021-09-24 22:52:18.041
123457,GET EMP INFO,2021-09-24 22:52:18.044
123457,LOGOUT,2021-09-24 22:52:18.046
123458,LOGIN,2021-09-24 22:52:45.075
123458,CONNECTED EMP DB,2021-09-24 22:52:45.105
123458,EMP CONFIRMED,2021-09-24 22:52:45.108
123458,GET EMP INFO,2021-09-24 22:52:45.110
123458,LOGOUT,2021-09-24 22:52:45.113
123456,LOGIN,2021-09-26 19:15:51.821
123456,CONNECTED EMP DB,2021-09-26 19:15:51.882
123456,EMP CONFIRMED,2021-09-26 19:15:51.885
123456,GET EMP INFO,2021-09-26 19:15:51.888
123456,LOGOUT,2021-09-26 19:15:51.890
123456,LOGIN,2021-09-26 19:18:58.801
123456,CONNECTED EMP DB,2021-09-26 19:18:58.829
123456,EMP CONFIRMED,2021-09-26 19:18:58.832
123456,GET CUST INFO,2021-09-26 19:19:20.873
123456,CONNECTED CUST DB,2021-09-26 19:19:20.883
123456,LOGIN,2021-09-26 19:21:45.446
123456,CONNECTED EMP DB,2021-09-26 19:21:45.477
123456,EMP CONFIRMED,2021-09-26 19:21:45.490
123456,GET CUST INFO,2021-09-26 19:21:52.109
123456,CONNECTED CUST DB,2021-09-26 19:21:52.135
123456,CUST CONFIRMED,2021-09-26 19:21:52.141
123456,LOGIN,2021-09-26 19:23:21.646
123456,CONNECTED EMP DB,2021-09-26 19:23:21.667
123456,EMP CONFIRMED,2021-09-26 19:23:21.670
123456,GET CUST INFO,2021-09-26 19:23:25.154
123456,CONNECTED CUST DB,2021-09-26 19:23:25.164
123456,CUST CONFIRMED,2021-09-26 19:23:25.167
123456,LOGIN,2021-09-27 21:05:34.429
123456,CONNECTED EMP DB,2021-09-27 21:05:34.441
123456,EMP CONFIRMED,2021-09-27 21:05:34.452
123456,GET CUST INFO,2021-09-27 21:05:38.429
123456,CONNECTED CUST DB,2021-09-27 21:05:38.438
123456,CUST CONFIRMED,2021-09-27 21:05:38.441
123456,LOGIN,2021-09-27 23:24:11.401
123456,CONNECTED EMP DB,2021-09-27 23:24:11.412
123456,EMP CONFIRMED,2021-09-27 23:24:11.423
123456,GET CUST INFO,2021-09-27 23:24:18.888
123456,CONNECTED CUST DB,2021-09-27 23:24:18.896
123456,CUST CONFIRMED,2021-09-27 23:24:18.899
123456,LOGIN,2021-09-27 23:26:40.210
123456,CONNECTED EMP DB,2021-09-27 23:26:40.226
123456,EMP CONFIRMED,2021-09-27 23:26:40.242
123456,GET CUST INFO,2021-09-27 23:26:43.551
123456,CONNECTED CUST DB,2021-09-27 23:26:43.563
123456,CUST CONFIRMED,2021-09-27 23:26:43.568
123456,LOGIN,2021-09-27 23:28:00.703
123456,CONNECTED EMP DB,2021-09-27 23:28:00.719
123456,EMP CONFIRMED,2021-09-27 23:28:00.736
123456,GET CUST INFO,2021-09-27 23:28:02.685
123456,CONNECTED CUST DB,2021-09-27 23:28:02.697
123456,CUST CONFIRMED,2021-09-27 23:28:02.703
123456,LOGIN,2021-09-27 23:28:57.534
123456,CONNECTED EMP DB,2021-09-27 23:28:57.544
123456,EMP CONFIRMED,2021-09-27 23:28:57.555
123456,GET CUST INFO,2021-09-27 23:28:59.603
123456,CONNECTED CUST DB,2021-09-27 23:28:59.612
123456,CUST CONFIRMED,2021-09-27 23:28:59.616
123456,LOGIN,2021-09-27 23:29:18.771
123456,CONNECTED EMP DB,2021-09-27 23:29:18.789
123456,EMP CONFIRMED,2021-09-27 23:29:18.806
123456,GET CUST INFO,2021-09-27 23:29:20.479
123456,CONNECTED CUST DB,2021-09-27 23:29:20.490
123456,CUST CONFIRMED,2021-09-27 23:29:20.496
123456,LOGIN,2021-09-27 23:35:27.924
123456,CONNECTED EMP DB,2021-09-27 23:35:27.935
123456,EMP CONFIRMED,2021-09-27 23:35:27.946
123456,GET CUST INFO,2021-09-27 23:35:30.676
123456,CONNECTED CUST DB,2021-09-27 23:35:30.685
123456,CUST CONFIRMED,2021-09-27 23:35:30.688
123456,LOGIN,2021-09-27 23:37:16.091
123456,CONNECTED EMP DB,2021-09-27 23:37:16.101
123456,EMP CONFIRMED,2021-09-27 23:37:16.120
123456,GET CUST INFO,2021-09-27 23:37:18.067
123456,CONNECTED CUST DB,2021-09-27 23:37:18.076
123456,CUST CONFIRMED,2021-09-27 23:37:18.079
123456,LOGIN,2021-09-27 23:38:07.067
123456,CONNECTED EMP DB,2021-09-27 23:38:07.082
123456,EMP CONFIRMED,2021-09-27 23:38:07.100
123456,GET CUST INFO,2021-09-27 23:38:08.942
123456,CONNECTED CUST DB,2021-09-27 23:38:08.953
123456,CUST CONFIRMED,2021-09-27 23:38:08.958
123456,LOGIN,2021-09-27 23:43:15.783
123456,CONNECTED EMP DB,2021-09-27 23:43:15.799
123456,EMP CONFIRMED,2021-09-27 23:43:15.815
123456,GET CUST INFO,2021-09-27 23:43:17.709
123456,CONNECTED CUST DB,2021-09-27 23:43:17.723
123456,CUST CONFIRMED,2021-09-27 23:43:17.729
123456,LOGIN,2021-09-27 23:47:07.337
123456,CONNECTED EMP DB,2021-09-27 23:47:07.347
123456,EMP CONFIRMED,2021-09-27 23:47:07.357
123456,GET CUST INFO,2021-09-27 23:47:09.671
123456,CONNECTED CUST DB,2021-09-27 23:47:09.681
123456,CUST CONFIRMED,2021-09-27 23:47:09.684
123456,LOGIN,2021-09-27 23:47:40.604
123456,CONNECTED EMP DB,2021-09-27 23:47:40.614
123456,EMP CONFIRMED,2021-09-27 23:47:40.624
123456,GET CUST INFO,2021-09-27 23:47:42.552
123456,CONNECTED CUST DB,2021-09-27 23:47:42.560
123456,CUST CONFIRMED,2021-09-27 23:47:42.565
123456,LOGIN,2021-09-27 23:50:50.715
123456,CONNECTED EMP DB,2021-09-27 23:50:50.725
123456,EMP CONFIRMED,2021-09-27 23:50:50.736
123456,GET CUST INFO,2021-09-27 23:50:52.709
123456,CONNECTED CUST DB,2021-09-27 23:50:52.719
123456,CUST CONFIRMED,2021-09-27 23:50:52.722
123456,LOGIN,2021-09-28 19:01:30.043
123456,CONNECTED EMP DB,2021-09-28 19:01:30.067
123456,EMP CONFIRMED,2021-09-28 19:01:30.115
123456,GET CUST INFO,2021-09-28 19:01:32.477
123456,CONNECTED CUST DB,2021-09-28 19:01:32.493
123456,CUST CONFIRMED,2021-09-28 19:01:32.501
123456,LOGIN,2021-09-28 23:12:39.552
123456,CONNECTED EMP DB,2021-09-28 23:12:39.563
123456,EMP CONFIRMED,2021-09-28 23:12:39.580
123456,LOGIN,2021-09-28 23:17:59.977
123456,CONNECTED EMP DB,2021-09-28 23:17:59.989
123456,EMP CONFIRMED,2021-09-28 23:18:00.000
123456,LOGIN,2021-09-28 23:21:34.226
123456,CONNECTED EMP DB,2021-09-28 23:21:34.236
123456,EMP CONFIRMED,2021-09-28 23:21:34.247
123456,GET CUST INFO,2021-09-28 23:21:39.995
123456,CONNECTED CUST DB,2021-09-28 23:21:40.004
123456,CUST CONFIRMED,2021-09-28 23:21:40.007
123456,CONNECTED ACCT DB,2021-09-28 23:21:40.021
123456,CUSTOMER ACCT CONFIRMED,2021-09-28 23:21:40.024
123456,LOGIN,2021-09-28 23:22:18.912
123456,CONNECTED EMP DB,2021-09-28 23:22:18.930
123456,EMP CONFIRMED,2021-09-28 23:22:18.946
123456,GET CUST INFO,2021-09-28 23:22:22.402
123456,CONNECTED CUST DB,2021-09-28 23:22:22.414
123456,CUST CONFIRMED,2021-09-28 23:22:22.420
123456,CONNECTED ACCT DB,2021-09-28 23:22:22.426
123456,CUSTOMER ACCT CONFIRMED,2021-09-28 23:22:22.433
123456,LOGIN,2021-09-28 23:23:09.954
123456,CONNECTED EMP DB,2021-09-28 23:23:09.963
123456,EMP CONFIRMED,2021-09-28 23:23:09.973
123456,GET CUST INFO,2021-09-28 23:23:12.182
123456,CONNECTED CUST DB,2021-09-28 23:23:12.191
123456,CUST CONFIRMED,2021-09-28 23:23:12.195
123456,CONNECTED ACCT DB,2021-09-28 23:23:12.199
123456,CUSTOMER ACCT CONFIRMED,2021-09-28 23:23:12.202
123456,ACCT TYPE SELECTED,2021-09-28 23:23:15.919
123456,LOGIN,2021-09-28 23:23:32.692
123456,CONNECTED EMP DB,2021-09-28 23:23:32.702
123456,EMP CONFIRMED,2021-09-28 23:23:32.712
123456,GET CUST INFO,2021-09-28 23:23:35.493
123456,CONNECTED CUST DB,2021-09-28 23:23:35.502
123456,CUST CONFIRMED,2021-09-28 23:23:35.505
123456,CONNECTED ACCT DB,2021-09-28 23:23:35.510
123456,CUSTOMER ACCT CONFIRMED,2021-09-28 23:23:35.513
123456,INCORRECT ACCT TYPE,2021-09-28 23:23:44.057
123456,ACCT TYPE SELECTED,2021-09-28 23:23:59.468
123456,LOGIN,2021-09-28 23:24:54.305
123456,CONNECTED EMP DB,2021-09-28 23:24:54.316
123456,EMP CONFIRMED,2021-09-28 23:24:54.328
123456,GET CUST INFO,2021-09-28 23:24:58.589
123456,CONNECTED CUST DB,2021-09-28 23:24:58.597
123456,CUST CONFIRMED,2021-09-28 23:24:58.601
123456,CONNECTED ACCT DB,2021-09-28 23:24:58.605
123456,CUSTOMER ACCT CONFIRMED,2021-09-28 23:24:58.608
123456,ACCT TYPE SELECTED,2021-09-28 23:25:02.054
123456,LOGIN,2021-09-28 23:25:47.734
123456,CONNECTED EMP DB,2021-09-28 23:25:47.751
123456,EMP CONFIRMED,2021-09-28 23:25:47.765
123456,GET CUST INFO,2021-09-28 23:25:50.182
123456,CONNECTED CUST DB,2021-09-28 23:25:50.191
123456,CUST CONFIRMED,2021-09-28 23:25:50.194
123456,CONNECTED ACCT DB,2021-09-28 23:25:50.200
123456,CUSTOMER ACCT CONFIRMED,2021-09-28 23:25:50.202
123456,ACCT TYPE SELECTED,2021-09-28 23:25:53.034
123456,LOGIN,2021-09-28 23:26:59.367
123456,CONNECTED EMP DB,2021-09-28 23:26:59.385
123456,EMP CONFIRMED,2021-09-28 23:26:59.402
123456,GET CUST INFO,2021-09-28 23:27:02.246
123456,CONNECTED CUST DB,2021-09-28 23:27:02.257
123456,CUST CONFIRMED,2021-09-28 23:27:02.262
123456,CONNECTED ACCT DB,2021-09-28 23:27:02.270
123456,CUSTOMER ACCT CONFIRMED,2021-09-28 23:27:02.274
123456,ACCT TYPE SELECTED,2021-09-28 23:27:05.358
123456,LOGIN,2021-09-28 23:29:22.354
123456,CONNECTED EMP DB,2021-09-28 23:29:22.364
123456,EMP CONFIRMED,2021-09-28 23:29:22.375
123456,GET CUST INFO,2021-09-28 23:29:24.833
123456,CONNECTED CUST DB,2021-09-28 23:29:24.841
123456,CUST CONFIRMED,2021-09-28 23:29:24.855
123456,CONNECTED ACCT DB,2021-09-28 23:29:24.860
123456,CUSTOMER ACCT CONFIRMED,2021-09-28 23:29:24.863
123456,ACCT TYPE SELECTED,2021-09-28 23:29:28.084
123456,LOGIN,2021-09-28 23:29:43.022
123456,CONNECTED EMP DB,2021-09-28 23:29:43.033
123456,EMP CONFIRMED,2021-09-28 23:29:43.043
123456,GET CUST INFO,2021-09-28 23:29:45.122
123456,CONNECTED CUST DB,2021-09-28 23:29:45.130
123456,CUST CONFIRMED,2021-09-28 23:29:45.133
123456,CONNECTED ACCT DB,2021-09-28 23:29:45.138
123456,CUSTOMER ACCT CONFIRMED,2021-09-28 23:29:45.141
123456,ACCT TYPE SELECTED,2021-09-28 23:29:47.959
123456,LOGIN,2021-09-28 23:30:06.932
123456,CONNECTED EMP DB,2021-09-28 23:30:06.948
123456,EMP CONFIRMED,2021-09-28 23:30:06.965
123456,GET CUST INFO,2021-09-28 23:30:11.287
123456,CONNECTED CUST DB,2021-09-28 23:30:11.300
123456,CUST CONFIRMED,2021-09-28 23:30:11.304
123456,CONNECTED ACCT DB,2021-09-28 23:30:11.313
123456,CUSTOMER ACCT CONFIRMED,2021-09-28 23:30:11.319
123456,ACCT TYPE SELECTED,2021-09-28 23:30:14.957
123456,LOGIN,2021-09-28 23:33:12.956
123456,CONNECTED EMP DB,2021-09-28 23:33:12.966
123456,EMP CONFIRMED,2021-09-28 23:33:12.977
123456,GET CUST INFO,2021-09-28 23:33:15.030
123456,CONNECTED CUST DB,2021-09-28 23:33:15.041
123456,CUST CONFIRMED,2021-09-28 23:33:15.045
123456,CONNECTED ACCT DB,2021-09-28 23:33:15.050
123456,CUSTOMER ACCT CONFIRMED,2021-09-28 23:33:15.052
123456,ACCT TYPE SELECTED,2021-09-28 23:33:17.777
123456,LOGIN,2021-09-28 23:33:33.948
123456,CONNECTED EMP DB,2021-09-28 23:33:33.957
123456,EMP CONFIRMED,2021-09-28 23:33:33.968
123456,GET CUST INFO,2021-09-28 23:33:35.971
123456,CONNECTED CUST DB,2021-09-28 23:33:35.981
123456,CUST CONFIRMED,2021-09-28 23:33:35.984
123456,CONNECTED ACCT DB,2021-09-28 23:33:35.989
123456,CUSTOMER ACCT CONFIRMED,2021-09-28 23:33:35.991
123456,ACCT TYPE SELECTED,2021-09-28 23:33:38.788
123456,LOGIN,2021-09-29 19:15:39.192
123456,CONNECTED EMP DB,2021-09-29 19:15:39.204
123456,EMP CONFIRMED,2021-09-29 19:15:39.217
123456,GET CUST INFO,2021-09-29 19:15:41.503
123456,CONNECTED CUST DB,2021-09-29 19:15:41.514
123456,CUST CONFIRMED,2021-09-29 19:15:41.518
123456,CONNECTED ACCT DB,2021-09-29 19:15:41.523
123456,CUSTOMER ACCT CONFIRMED,2021-09-29 19:15:41.526
123456,ACCT TYPE SELECTED,2021-09-29 19:15:45.290
123456,LOGIN,2021-09-29 19:28:37.134
123456,CONNECTED EMP DB,2021-09-29 19:28:37.146
123456,EMP CONFIRMED,2021-09-29 19:28:37.158
123456,GET CUST INFO,2021-09-29 19:28:39.379
123456,CONNECTED CUST DB,2021-09-29 19:28:39.390
123456,CUST CONFIRMED,2021-09-29 19:28:39.394
123456,CONNECTED ACCT DB,2021-09-29 19:28:39.398
123456,CUSTOMER ACCT CONFIRMED,2021-09-29 19:28:39.401
123456,ACCT TYPE SELECTED,2021-09-29 19:28:42.979
123456,LOGIN,2021-09-29 20:13:52.503
123456,CONNECTED EMP DB,2021-09-29 20:13:52.514
123456,EMP CONFIRMED,2021-09-29 20:13:52.525
123456,GET CUST INFO,2021-09-29 20:13:55.965
123456,CONNECTED CUST DB,2021-09-29 20:13:55.975
123456,CUST CONFIRMED,2021-09-29 20:13:55.979
123456,CONNECTED ACCT DB,2021-09-29 20:13:55.984
123456,CUSTOMER ACCT CONFIRMED,2021-09-29 20:13:55.987
123456,ACCT TYPE SELECTED,2021-09-29 20:13:59.489
123456,LOGIN,2021-09-29 20:16:31.002
123456,CONNECTED EMP DB,2021-09-29 20:16:31.020
123456,EMP CONFIRMED,2021-09-29 20:16:31.037
123456,GET CUST INFO,2021-09-29 20:16:33.534
123456,CONNECTED CUST DB,2021-09-29 20:16:33.546
123456,CUST CONFIRMED,2021-09-29 20:16:33.552
123456,CONNECTED ACCT DB,2021-09-29 20:16:33.560
123456,CUSTOMER ACCT CONFIRMED,2021-09-29 20:16:33.565
123456,ACCT TYPE SELECTED,2021-09-29 20:16:37.291
123456,LOGIN,2021-09-29 20:19:02.538
123456,CONNECTED EMP DB,2021-09-29 20:19:02.548
123456,EMP CONFIRMED,2021-09-29 20:19:02.558
123456,GET CUST INFO,2021-09-29 20:19:05.282
123456,CONNECTED CUST DB,2021-09-29 20:19:05.292
123456,CUST CONFIRMED,2021-09-29 20:19:05.297
123456,CONNECTED ACCT DB,2021-09-29 20:19:05.300
123456,CUSTOMER ACCT CONFIRMED,2021-09-29 20:19:05.303
123456,ACCT TYPE SELECTED,2021-09-29 20:19:08.337
123456,LOGIN,2021-09-29 20:20:01.204
123456,CONNECTED EMP DB,2021-09-29 20:20:01.214
123456,EMP CONFIRMED,2021-09-29 20:20:01.225
123456,GET CUST INFO,2021-09-29 20:20:03.213
123456,CONNECTED CUST DB,2021-09-29 20:20:03.222
123456,CUST CONFIRMED,2021-09-29 20:20:03.225
123456,CONNECTED ACCT DB,2021-09-29 20:20:03.230
123456,CUSTOMER ACCT CONFIRMED,2021-09-29 20:20:03.233
123456,ACCT TYPE SELECTED,2021-09-29 20:20:05.925
123456,LOGIN,2021-09-29 20:28:02.626
123456,CONNECTED EMP DB,2021-09-29 20:28:02.636
123456,EMP CONFIRMED,2021-09-29 20:28:02.647
123456,GET CUST INFO,2021-09-29 20:28:04.748
123456,CONNECTED CUST DB,2021-09-29 20:28:04.756
123456,CUST CONFIRMED,2021-09-29 20:28:04.760
123456,CONNECTED ACCT DB,2021-09-29 20:28:04.765
123456,CUSTOMER ACCT CONFIRMED,2021-09-29 20:28:04.768
123456,ACCT TYPE SELECTED,2021-09-29 20:28:08.511
123456,LOGIN,2021-09-29 21:05:31.021
123456,CONNECTED EMP DB,2021-09-29 21:05:31.030
123456,EMP CONFIRMED,2021-09-29 21:05:31.041
123456,GET CUST INFO,2021-09-29 21:05:33.216
123456,CONNECTED CUST DB,2021-09-29 21:05:33.224
123456,CUST CONFIRMED,2021-09-29 21:05:33.227
123456,CONNECTED ACCT DB,2021-09-29 21:05:33.232
123456,CUSTOMER ACCT CONFIRMED,2021-09-29 21:05:33.235
123456,ACCT TYPE SELECTED,2021-09-29 21:05:37.266
123456,RETRIEVED BALANCE,2021-09-29 21:05:37.275
123456,CONNECTED ACCT DB,2021-09-29 21:05:49.053
123456,CUSTOMER ACCT CONFIRMED,2021-09-29 21:05:49.057
123456,LOGIN,2021-09-29 21:07:32.010
123456,CONNECTED EMP DB,2021-09-29 21:07:32.021
123456,EMP CONFIRMED,2021-09-29 21:07:32.032
123456,GET CUST INFO,2021-09-29 21:07:34.474
123456,CONNECTED CUST DB,2021-09-29 21:07:34.482
123456,CUST CONFIRMED,2021-09-29 21:07:34.485
123456,CONNECTED ACCT DB,2021-09-29 21:07:34.490
123456,CUSTOMER ACCT CONFIRMED,2021-09-29 21:07:34.493
123456,ACCT TYPE SELECTED,2021-09-29 21:07:38.203
123456,RETRIEVED BALANCE,2021-09-29 21:07:38.214
123456,CONNECTED ACCT DB,2021-09-29 21:07:38.221
123456,CUSTOMER ACCT CONFIRMED,2021-09-29 21:07:38.224
123456,ACCT TYPE SELECTED,2021-09-29 21:07:50.346
123456,COMPLETED DEPOSIT,2021-09-29 21:07:53.757
123456,LOGIN,2021-09-29 21:09:08.071
123456,CONNECTED EMP DB,2021-09-29 21:09:08.081
123456,EMP CONFIRMED,2021-09-29 21:09:08.111
123456,GET CUST INFO,2021-09-29 21:09:09.989
123456,CONNECTED CUST DB,2021-09-29 21:09:09.997
123456,CUST CONFIRMED,2021-09-29 21:09:10.000
123456,CONNECTED ACCT DB,2021-09-29 21:09:10.004
123456,CUSTOMER ACCT CONFIRMED,2021-09-29 21:09:10.007
123456,ACCT TYPE SELECTED,2021-09-29 21:09:13.520
123456,RETRIEVED BALANCE,2021-09-29 21:09:13.530
123456,CONNECTED ACCT DB,2021-09-29 21:09:13.535
123456,CUSTOMER ACCT CONFIRMED,2021-09-29 21:09:13.540
123456,ACCT TYPE SELECTED,2021-09-29 21:09:18.222
123456,COMPLETED DEPOSIT,2021-09-29 21:09:21.617
123456,LOGIN,2021-09-29 21:30:29.745
123456,CONNECTED EMP DB,2021-09-29 21:30:29.755
123456,EMP CONFIRMED,2021-09-29 21:30:29.767
123456,GET CUST INFO,2021-09-29 21:30:32.341
123456,CONNECTED CUST DB,2021-09-29 21:30:32.349
123456,CUST CONFIRMED,2021-09-29 21:30:32.353
123456,CONNECTED ACCT DB,2021-09-29 21:30:32.358
123456,CUSTOMER ACCT CONFIRMED,2021-09-29 21:30:32.360
123456,ACCT TYPE SELECTED,2021-09-29 21:30:35.523
123456,RETRIEVED BALANCE,2021-09-29 21:30:35.532
123456,CONNECTED ACCT DB,2021-09-29 21:30:35.538
123456,CUSTOMER ACCT CONFIRMED,2021-09-29 21:30:35.541
123456,ACCT TYPE SELECTED,2021-09-29 21:30:44.687
123456,COMPLETED DEPOSIT,2021-09-29 21:30:49.196
123456,LOGIN,2021-09-29 21:31:56.302
123456,CONNECTED EMP DB,2021-09-29 21:31:56.312
123456,EMP CONFIRMED,2021-09-29 21:31:56.322
123456,GET CUST INFO,2021-09-29 21:31:58.656
123456,CONNECTED CUST DB,2021-09-29 21:31:58.664
123456,CUST CONFIRMED,2021-09-29 21:31:58.668
123456,CONNECTED ACCT DB,2021-09-29 21:31:58.672
123456,CUSTOMER ACCT CONFIRMED,2021-09-29 21:31:58.675
123456,ACCT TYPE SELECTED,2021-09-29 21:32:02.081
123456,RETRIEVED BALANCE,2021-09-29 21:32:02.092
123456,CONNECTED ACCT DB,2021-09-29 21:32:02.097
123456,CUSTOMER ACCT CONFIRMED,2021-09-29 21:32:02.101
123456,ACCT TYPE SELECTED,2021-09-29 21:32:08.319
123456,COMPLETED DEPOSIT,2021-09-29 21:32:18.064
123456,LOGIN,2021-09-29 21:33:42.783
123456,CONNECTED EMP DB,2021-09-29 21:33:42.793
123456,EMP CONFIRMED,2021-09-29 21:33:42.803
123456,GET CUST INFO,2021-09-29 21:33:44.890
123456,CONNECTED CUST DB,2021-09-29 21:33:44.899
123456,CUST CONFIRMED,2021-09-29 21:33:44.902
123456,CONNECTED ACCT DB,2021-09-29 21:33:44.907
123456,CUSTOMER ACCT CONFIRMED,2021-09-29 21:33:44.910
123456,ACCT TYPE SELECTED,2021-09-29 21:33:48.254
123456,RETRIEVED BALANCE,2021-09-29 21:33:48.263
123456,CONNECTED ACCT DB,2021-09-29 21:33:48.269
123456,CUSTOMER ACCT CONFIRMED,2021-09-29 21:33:48.272
123456,ACCT TYPE SELECTED,2021-09-29 21:33:50.272
123456,COMPLETED DEPOSIT,2021-09-29 21:34:01.203
123456,LOGIN,2021-09-29 21:34:56.936
123456,CONNECTED EMP DB,2021-09-29 21:34:56.947
123456,EMP CONFIRMED,2021-09-29 21:34:56.957
123456,GET CUST INFO,2021-09-29 21:34:58.775
123456,CONNECTED CUST DB,2021-09-29 21:34:58.784
123456,CUST CONFIRMED,2021-09-29 21:34:58.789
123456,CONNECTED ACCT DB,2021-09-29 21:34:58.794
123456,CUSTOMER ACCT CONFIRMED,2021-09-29 21:34:58.796
123456,ACCT TYPE SELECTED,2021-09-29 21:35:01.844
123456,RETRIEVED BALANCE,2021-09-29 21:35:01.853
123456,CONNECTED ACCT DB,2021-09-29 21:35:01.859
123456,CUSTOMER ACCT CONFIRMED,2021-09-29 21:35:01.861
123456,ACCT TYPE SELECTED,2021-09-29 21:35:03.800
123456,COMPLETED DEPOSIT,2021-09-29 21:35:17.369
123456,LOGIN,2021-09-29 21:38:35.634
123456,CONNECTED EMP DB,2021-09-29 21:38:35.644
123456,EMP CONFIRMED,2021-09-29 21:38:35.654
123456,GET CUST INFO,2021-09-29 21:38:37.970
123456,CONNECTED CUST DB,2021-09-29 21:38:37.979
123456,CUST CONFIRMED,2021-09-29 21:38:37.982
123456,CONNECTED ACCT DB,2021-09-29 21:38:37.986
123456,CUSTOMER ACCT CONFIRMED,2021-09-29 21:38:37.989
123456,ACCT TYPE SELECTED,2021-09-29 21:38:41.027
123456,RETRIEVED BALANCE,2021-09-29 21:38:41.035
123456,CONNECTED ACCT DB,2021-09-29 21:38:41.041
123456,CUSTOMER ACCT CONFIRMED,2021-09-29 21:38:41.044
123456,ACCT TYPE SELECTED,2021-09-29 21:38:44.807
123456,COMPLETED TRANSACTION,2021-09-29 21:39:03.066
123456,COMPLETED DEPOSIT,2021-09-29 21:39:03.070
123456,CONNECTED ACCT DB,2021-09-29 21:39:03.074
123456,CUSTOMER ACCT CONFIRMED,2021-09-29 21:39:03.077
123456,LOGIN,2021-09-29 21:42:04.835
123456,CONNECTED EMP DB,2021-09-29 21:42:04.845
123456,EMP CONFIRMED,2021-09-29 21:42:04.855
123456,GET CUST INFO,2021-09-29 21:42:07.114
123456,CONNECTED CUST DB,2021-09-29 21:42:07.122
123456,CUST CONFIRMED,2021-09-29 21:42:07.126
123456,CONNECTED ACCT DB,2021-09-29 21:42:07.130
123456,CUSTOMER ACCT CONFIRMED,2021-09-29 21:42:07.135
123456,ACCT TYPE SELECTED,2021-09-29 21:42:11.698
123456,RETRIEVED BALANCE,2021-09-29 21:42:11.707
123456,CONNECTED ACCT DB,2021-09-29 21:42:11.713
123456,CUSTOMER ACCT CONFIRMED,2021-09-29 21:42:11.717
123456,ACCT TYPE SELECTED,2021-09-29 21:42:19.221
123456,COMPLETED TRANSACTION,2021-09-29 21:42:32.358
123456,COMPLETED DEPOSIT,2021-09-29 21:42:32.361
123456,CONNECTED ACCT DB,2021-09-29 21:42:32.366
123456,CUSTOMER ACCT CONFIRMED,2021-09-29 21:42:32.370
123456,ACCT TYPE SELECTED,2021-09-29 21:42:39.601
123456,COMPLETED TRANSACTION,2021-09-29 21:42:55.458
123456,COMPLETED WITHDRAWAL,2021-09-29 21:42:55.462
123456,LOGIN,2021-09-30 23:49:12.350
123456,CONNECTED EMP DB,2021-09-30 23:49:12.366
123456,EMP CONFIRMED,2021-09-30 23:49:12.397
123456,LOGIN,2021-09-30 23:54:40.611
123456,CONNECTED EMP DB,2021-09-30 23:54:40.631
123456,EMP CONFIRMED,2021-09-30 23:54:40.669
123456,CONNECTED CUST DB,2021-09-30 23:54:40.682
123456,CUSTOMER ADDED,2021-09-30 23:55:11.646
123456,LOGIN,2021-10-01 00:01:58.807
123456,CONNECTED EMP DB,2021-10-01 00:01:58.827
123456,EMP CONFIRMED,2021-10-01 00:01:58.840
123456,CONNECTED CUST DB,2021-10-01 00:01:58.866
123456,CUSTOMER ADDED,2021-10-01 00:02:49.778
123456,LOGIN,2021-10-01 00:04:25.317
123456,CONNECTED EMP DB,2021-10-01 00:04:25.340
123456,EMP CONFIRMED,2021-10-01 00:04:25.363
123456,GET CUST INFO,2021-10-01 00:04:30.538
123456,CONNECTED CUST DB,2021-10-01 00:04:30.544
123456,CUST CONFIRMED,2021-10-01 00:04:30.560
123456,LOGIN,2021-10-02 13:09:29.673
123456,CONNECTED EMP DB,2021-10-02 13:09:29.704
123456,EMP CONFIRMED,2021-10-02 13:09:29.752
123456,GET CUST INFO,2021-10-02 13:09:31.972
123456,CONNECTED CUST DB,2021-10-02 13:09:31.988
123456,CUST CONFIRMED,2021-10-02 13:09:31.988
123456,SERVICE TYPE SELECTED,2021-10-02 13:09:37.553
123456,LOGIN,2021-10-02 13:12:49.875
123456,CONNECTED EMP DB,2021-10-02 13:12:49.894
123456,EMP CONFIRMED,2021-10-02 13:12:49.935
123456,GET CUST INFO,2021-10-02 13:12:51.900
123456,CONNECTED CUST DB,2021-10-02 13:12:51.916
123456,CUST CONFIRMED,2021-10-02 13:12:51.916
123456,CONNECTED SERV DB,2021-10-02 13:12:57.045
123456,SERVICE TYPE SELECTED,2021-10-02 13:12:57.053
123456,SERVICE ADDED,2021-10-02 13:12:57.082
123456,LOGIN,2021-10-02 13:18:02.047
123456,CONNECTED EMP DB,2021-10-02 13:18:02.062
123456,EMP CONFIRMED,2021-10-02 13:18:02.095
123456,GET CUST INFO,2021-10-02 13:18:04.377
123456,CONNECTED CUST DB,2021-10-02 13:18:04.393
123456,CUST CONFIRMED,2021-10-02 13:18:04.393
123456,CONNECTED SERV DB,2021-10-02 13:18:06.598
123456,SERVICE TYPE SELECTED,2021-10-02 13:18:06.606
123456,SERVICE ADDED,2021-10-02 13:18:06.630
123456,LOGIN,2021-10-02 14:19:11.082
123456,CONNECTED EMP DB,2021-10-02 14:19:11.102
123456,EMP CONFIRMED,2021-10-02 14:19:11.150
123456,GET CUST INFO,2021-10-02 14:19:15.812
123456,CONNECTED CUST DB,2021-10-02 14:19:15.834
123456,CUST CONFIRMED,2021-10-02 14:19:15.842
